epoch,time,train/box_loss,train/cls_loss,train/dfl_loss,metrics/precision(B),metrics/recall(B),metrics/mAP50(B),metrics/mAP50-95(B),val/box_loss,val/cls_loss,val/dfl_loss,lr/pg0,lr/pg1,lr/pg2
1,222.978,1.58168,1.45322,1.58915,0.74129,0.70339,0.73677,0.30983,2.28809,1.18849,1.92275,2.49561e-05,2.49561e-05,0.0950337
2,423.694,1.47429,1.05959,1.52863,0.80074,0.79205,0.8385,0.39863,1.96181,0.92496,1.55476,4.99557e-05,4.99557e-05,0.0900587
3,624.211,1.41185,0.9267,1.48315,0.85342,0.82259,0.86332,0.42806,1.85365,0.83798,1.50517,7.49532e-05,7.49532e-05,0.0850837
4,823.556,1.40298,0.92037,1.49535,0.8241,0.80698,0.81416,0.43633,1.7847,0.88425,1.49204,9.99474e-05,9.99474e-05,0.0801087
5,1022.79,1.38426,0.87732,1.46844,0.7815,0.84865,0.85103,0.48232,1.54849,0.79751,1.34662,0.000124937,0.000124937,0.0751337
6,1221.35,1.36178,0.86397,1.46449,0.85798,0.82006,0.87296,0.47799,1.53849,0.79816,1.37216,0.00014992,0.00014992,0.0701587
7,1419.17,1.35816,0.83944,1.45413,0.8742,0.84785,0.872,0.46187,1.68112,0.80549,1.42039,0.000174895,0.000174895,0.0651837
8,1616.84,1.33001,0.81713,1.44378,0.86862,0.83221,0.87625,0.43318,1.99084,0.87918,1.59504,0.00019986,0.00019986,0.0602086
9,1814.18,1.31198,0.80317,1.42983,0.87102,0.85024,0.87054,0.4605,1.62186,0.79886,1.4153,0.000224815,0.000224815,0.0552336
10,2011.27,1.28573,0.76529,1.3959,0.82744,0.88305,0.88496,0.51897,1.57753,0.76086,1.40085,0.000249758,0.000249758,0.0502585
11,2208.94,1.27692,0.76631,1.40844,0.87207,0.88082,0.88247,0.52069,1.49465,0.71024,1.34353,0.000274688,0.000274688,0.0452835
12,2406.75,1.28222,0.76423,1.41517,0.88234,0.82913,0.89532,0.55139,1.40934,0.70675,1.30184,0.000299602,0.000299602,0.0403084
13,2604.65,1.29157,0.75118,1.4219,0.85291,0.87568,0.89409,0.58488,1.32671,0.70991,1.27835,0.000324499,0.000324499,0.0353333
14,2802.09,1.2533,0.7267,1.38195,0.84425,0.85479,0.87178,0.55805,1.31248,0.69567,1.26611,0.000349379,0.000349379,0.0303582
15,2998.93,1.24635,0.732,1.38952,0.86666,0.86363,0.86467,0.51541,1.5627,0.73231,1.37442,0.000374239,0.000374239,0.025383
16,3195.69,1.24634,0.71119,1.38277,0.85586,0.81733,0.84471,0.54745,1.27752,0.7657,1.26906,0.000399078,0.000399078,0.0204078
17,3392.41,1.2409,0.71013,1.38046,0.88748,0.83542,0.87477,0.50638,1.44133,0.75582,1.33903,0.000423894,0.000423894,0.0154327
18,3589.15,1.25031,0.69252,1.37013,0.85415,0.88826,0.88729,0.50271,1.52521,0.70504,1.34588,0.000448687,0.000448687,0.0104575
19,3786.04,1.21585,0.68884,1.36156,0.86805,0.86794,0.88859,0.57554,1.34911,0.6965,1.2653,0.000473454,0.000473454,0.00548223
20,3982.75,1.21545,0.6882,1.36993,0.86436,0.87004,0.88472,0.55233,1.42505,0.69194,1.30766,0.000498195,0.000498195,0.000506967
21,4179.53,1.19096,0.67187,1.34858,0.87757,0.83608,0.87031,0.57976,1.2002,0.69251,1.24032,0.000498048,0.000498048,0.000498048
22,4376.21,1.19984,0.66594,1.34772,0.86174,0.86004,0.88892,0.58571,1.2621,0.66733,1.24572,0.000497849,0.000497849,0.000497849
23,4573.74,1.21106,0.67399,1.36298,0.8406,0.86277,0.8811,0.58934,1.24649,0.69295,1.23919,0.000497639,0.000497639,0.000497639
24,4771.64,1.16873,0.64169,1.32933,0.87666,0.86094,0.89166,0.61002,1.24286,0.62495,1.24312,0.00049742,0.00049742,0.00049742
25,4969.02,1.17009,0.63259,1.33745,0.89843,0.85546,0.8782,0.53679,1.33701,0.6686,1.28473,0.000497191,0.000497191,0.000497191
26,5165.48,1.14619,0.6264,1.32283,0.88443,0.85881,0.88734,0.5634,1.25108,0.66882,1.25013,0.000496953,0.000496953,0.000496953
27,5361.83,1.13553,0.62589,1.31041,0.85296,0.88198,0.87655,0.55038,1.36453,0.68105,1.28648,0.000496705,0.000496705,0.000496705
28,5558.29,1.10323,0.60702,1.28995,0.87855,0.89082,0.88145,0.60106,1.19016,0.62489,1.22747,0.000496447,0.000496447,0.000496447
29,5754.75,1.11689,0.60126,1.29446,0.87338,0.87045,0.88495,0.60299,1.15272,0.6434,1.23459,0.00049618,0.00049618,0.00049618
30,5951.21,1.11914,0.61013,1.29391,0.84385,0.91001,0.88747,0.60295,1.19009,0.62874,1.22442,0.000495903,0.000495903,0.000495903
31,6147.79,1.11131,0.60288,1.29533,0.88929,0.8463,0.87156,0.61471,1.10448,0.67381,1.2084,0.000495616,0.000495616,0.000495616
32,6344.98,1.12069,0.59263,1.302,0.89384,0.84114,0.88817,0.61996,1.08759,0.64703,1.17332,0.00049532,0.00049532,0.00049532
33,6542.17,1.07389,0.58122,1.26945,0.8748,0.86092,0.85894,0.57799,1.19031,0.66127,1.22829,0.000495014,0.000495014,0.000495014
34,6738.67,1.06708,0.57854,1.26449,0.88078,0.87136,0.87814,0.6026,1.13916,0.63409,1.22332,0.000494699,0.000494699,0.000494699
35,6935.31,1.09587,0.5768,1.27639,0.89023,0.87074,0.89323,0.6206,1.13499,0.61952,1.18924,0.000494374,0.000494374,0.000494374
36,7132.6,1.06854,0.57501,1.26876,0.86483,0.86818,0.89366,0.62031,1.14186,0.64228,1.23548,0.000494039,0.000494039,0.000494039
37,7329.24,1.08228,0.58778,1.27751,0.89506,0.86325,0.87577,0.59935,1.21153,0.64302,1.2263,0.000493695,0.000493695,0.000493695
38,7525.91,1.06515,0.56675,1.26047,0.85053,0.91052,0.89133,0.63261,1.0815,0.62681,1.19292,0.000493342,0.000493342,0.000493342
39,7723.39,1.03393,0.55304,1.2414,0.87031,0.86033,0.87269,0.60373,1.10657,0.64161,1.19928,0.000492979,0.000492979,0.000492979
40,7919.96,1.05724,0.57463,1.26221,0.87056,0.83482,0.88017,0.62151,1.07018,0.64692,1.18627,0.000492606,0.000492606,0.000492606
41,8116.51,1.03382,0.55386,1.24707,0.88224,0.88682,0.89333,0.61092,1.20538,0.63265,1.2624,0.000492224,0.000492224,0.000492224
42,8313,1.01962,0.54768,1.23437,0.85071,0.87844,0.88688,0.62972,1.08895,0.66499,1.20501,0.000491833,0.000491833,0.000491833
43,8509.5,1.02461,0.55412,1.24453,0.89478,0.88456,0.90458,0.61735,1.13328,0.60565,1.20441,0.000491432,0.000491432,0.000491432
44,8706.01,1.0262,0.55604,1.24869,0.88027,0.8816,0.90144,0.60469,1.16743,0.63045,1.21764,0.000491022,0.000491022,0.000491022
45,8902.52,1.01754,0.54824,1.23185,0.89243,0.89721,0.8852,0.60584,1.17172,0.6323,1.19444,0.000490602,0.000490602,0.000490602
46,9098.84,1.0102,0.54347,1.21966,0.8743,0.89016,0.87448,0.6268,1.10403,0.63391,1.18135,0.000490173,0.000490173,0.000490173
47,9295.2,1.01133,0.53864,1.22917,0.86827,0.87579,0.88299,0.62152,1.09592,0.6095,1.19176,0.000489734,0.000489734,0.000489734
48,9491.55,0.9767,0.51076,1.1997,0.87681,0.8691,0.88732,0.63169,1.05412,0.60914,1.1693,0.000489286,0.000489286,0.000489286
49,9687.98,0.98915,0.51985,1.19981,0.85197,0.87012,0.88518,0.61686,1.1196,0.62027,1.1746,0.000488829,0.000488829,0.000488829
50,9884.5,1.00706,0.54317,1.2153,0.86631,0.84741,0.86816,0.60356,1.13742,0.6454,1.19458,0.000488362,0.000488362,0.000488362
51,10080.9,0.97785,0.52843,1.20016,0.8975,0.88546,0.89218,0.61324,1.16289,0.61801,1.19996,0.000487886,0.000487886,0.000487886
52,10277.5,0.98362,0.5205,1.20223,0.8864,0.88504,0.88364,0.61757,1.11774,0.61484,1.16607,0.000487401,0.000487401,0.000487401
53,10474,0.95765,0.5097,1.19368,0.88187,0.87993,0.88949,0.6061,1.19579,0.61555,1.21977,0.000486907,0.000486907,0.000486907
54,10670.5,0.97701,0.52094,1.2081,0.9074,0.88977,0.88277,0.61733,1.06395,0.63485,1.16802,0.000486403,0.000486403,0.000486403
55,10867,0.96932,0.51896,1.20326,0.89761,0.86794,0.88228,0.62455,1.08982,0.60983,1.17905,0.00048589,0.00048589,0.00048589
56,11063.5,0.96367,0.50339,1.19926,0.90611,0.87388,0.88419,0.6258,1.13436,0.59531,1.20462,0.000485368,0.000485368,0.000485368
57,11260.1,0.95466,0.50393,1.19172,0.87213,0.89722,0.87788,0.62424,1.09123,0.60188,1.21069,0.000484837,0.000484837,0.000484837
58,11456.8,0.93118,0.48562,1.15908,0.88958,0.89664,0.88432,0.60977,1.1383,0.6045,1.19074,0.000484296,0.000484296,0.000484296
59,11653.5,0.95296,0.49684,1.17998,0.90042,0.86153,0.86813,0.62295,1.08442,0.59311,1.19263,0.000483746,0.000483746,0.000483746
60,11850.1,0.92061,0.48456,1.16424,0.88138,0.88621,0.87641,0.62539,1.07276,0.60924,1.16769,0.000483188,0.000483188,0.000483188
61,12046.9,0.93531,0.48632,1.16801,0.86681,0.87366,0.87189,0.61581,1.10141,0.61916,1.20446,0.00048262,0.00048262,0.00048262
62,12243.6,0.94218,0.49978,1.18239,0.89527,0.89032,0.88936,0.61803,1.14476,0.62143,1.21265,0.000482043,0.000482043,0.000482043
63,12440.2,0.93589,0.50473,1.18504,0.90351,0.91108,0.88501,0.62104,1.12932,0.60171,1.19594,0.000481457,0.000481457,0.000481457
64,12636.7,0.9219,0.47965,1.1578,0.87251,0.86954,0.87287,0.62734,1.07612,0.6267,1.19131,0.000480862,0.000480862,0.000480862
65,12833.3,0.9216,0.48481,1.16884,0.90951,0.87505,0.88397,0.61395,1.13717,0.60603,1.2214,0.000480257,0.000480257,0.000480257
66,13029.8,0.9464,0.49165,1.17216,0.9027,0.87284,0.8839,0.61909,1.09502,0.58959,1.18583,0.000479644,0.000479644,0.000479644
67,13226.4,0.91509,0.48426,1.16459,0.91236,0.86436,0.88779,0.62188,1.11651,0.58019,1.20017,0.000479022,0.000479022,0.000479022
68,13422.9,0.91799,0.48706,1.1657,0.88763,0.90145,0.89014,0.62974,1.1001,0.58756,1.18331,0.000478391,0.000478391,0.000478391
69,13619.3,0.9203,0.47076,1.15089,0.89884,0.89167,0.88205,0.62599,1.11917,0.60136,1.18722,0.000477751,0.000477751,0.000477751
70,13815.6,0.89679,0.46498,1.13948,0.90887,0.86903,0.8724,0.62382,1.03119,0.63003,1.16204,0.000477102,0.000477102,0.000477102
71,14012,0.90246,0.47579,1.15637,0.90817,0.88308,0.88294,0.61804,1.19723,0.63873,1.25583,0.000476445,0.000476445,0.000476445
72,14208.6,0.90767,0.47553,1.15847,0.90956,0.88682,0.88411,0.64212,1.02072,0.58371,1.16617,0.000475778,0.000475778,0.000475778
73,14406.1,0.90018,0.46755,1.15723,0.90337,0.88575,0.88903,0.6278,1.14465,0.57535,1.19963,0.000475103,0.000475103,0.000475103
74,14602.6,0.90675,0.47225,1.14744,0.90734,0.88555,0.88445,0.64695,1.05765,0.56934,1.15573,0.000474419,0.000474419,0.000474419
75,14799.8,0.88318,0.4584,1.13171,0.87732,0.88526,0.88433,0.62412,1.09863,0.57058,1.19001,0.000473726,0.000473726,0.000473726
76,14996.3,0.89744,0.47172,1.13609,0.87362,0.90993,0.88941,0.64498,1.01272,0.56129,1.15529,0.000473024,0.000473024,0.000473024
77,15192.8,0.88251,0.46747,1.13509,0.88501,0.89185,0.89471,0.62199,1.11359,0.56546,1.19269,0.000472314,0.000472314,0.000472314
78,15389.3,0.88086,0.46771,1.12853,0.87131,0.89778,0.89887,0.64487,1.07437,0.57178,1.18998,0.000471595,0.000471595,0.000471595
79,15585.8,0.87122,0.46245,1.12916,0.89052,0.89165,0.87969,0.63303,1.06998,0.57684,1.18993,0.000470867,0.000470867,0.000470867
80,15782.3,0.87705,0.46254,1.12448,0.89906,0.86916,0.87865,0.6139,1.12545,0.58675,1.17692,0.000470131,0.000470131,0.000470131
81,15978.9,0.86233,0.45685,1.11767,0.89453,0.89398,0.89746,0.64079,1.04294,0.58982,1.15139,0.000469386,0.000469386,0.000469386
82,16175.3,0.8726,0.46221,1.12949,0.9059,0.89719,0.88825,0.64045,1.03968,0.57131,1.16675,0.000468632,0.000468632,0.000468632
83,16371.8,0.86692,0.45695,1.13072,0.89293,0.91074,0.89322,0.62637,1.12197,0.59795,1.21207,0.00046787,0.00046787,0.00046787
84,16568.3,0.84875,0.44603,1.11183,0.89697,0.88756,0.88703,0.64093,1.03101,0.57356,1.16273,0.0004671,0.0004671,0.0004671
85,16765.2,0.85938,0.4475,1.11523,0.91299,0.90539,0.88076,0.61336,1.14303,0.58391,1.2239,0.000466321,0.000466321,0.000466321
86,16962,0.86371,0.45502,1.12234,0.88432,0.91312,0.89461,0.63881,1.10982,0.57319,1.21589,0.000465534,0.000465534,0.000465534
87,17158.7,0.84165,0.44171,1.11219,0.88243,0.89848,0.8806,0.62654,1.10127,0.57094,1.19319,0.000464738,0.000464738,0.000464738
88,17355.5,0.84504,0.441,1.11502,0.91003,0.88478,0.87902,0.6315,1.07746,0.57467,1.17789,0.000463934,0.000463934,0.000463934
89,17552.4,0.84437,0.43767,1.09858,0.90255,0.88794,0.89026,0.62368,1.10385,0.56749,1.21598,0.000463121,0.000463121,0.000463121
90,17749.2,0.83478,0.43975,1.10327,0.88917,0.89531,0.88852,0.62843,1.07018,0.56539,1.19528,0.0004623,0.0004623,0.0004623
91,17945.8,0.87192,0.4471,1.12885,0.89481,0.88414,0.89019,0.64575,1.03479,0.56925,1.14339,0.000461471,0.000461471,0.000461471
92,18142.3,0.84728,0.4377,1.11349,0.89671,0.90352,0.88773,0.64998,1.02025,0.55591,1.1615,0.000460634,0.000460634,0.000460634
93,18339.7,0.84747,0.44277,1.121,0.89224,0.87808,0.89617,0.65528,1.00808,0.57319,1.16403,0.000459788,0.000459788,0.000459788
94,18537,0.83015,0.43557,1.10804,0.89849,0.89279,0.88884,0.64437,1.00355,0.5631,1.1593,0.000458934,0.000458934,0.000458934
95,18733.5,0.82514,0.43717,1.0997,0.89944,0.89051,0.9033,0.65522,1.02406,0.57129,1.16265,0.000458072,0.000458072,0.000458072
96,18930,0.82394,0.4372,1.09658,0.90566,0.88735,0.89588,0.64381,1.0241,0.57646,1.15392,0.000457202,0.000457202,0.000457202
97,19126.6,0.83595,0.43998,1.11167,0.87872,0.90694,0.89495,0.63892,1.09535,0.57703,1.19041,0.000456324,0.000456324,0.000456324
98,19323,0.83263,0.43387,1.11061,0.87145,0.90077,0.89091,0.63854,1.08215,0.57799,1.1854,0.000455438,0.000455438,0.000455438
99,19519.6,0.82891,0.42918,1.09971,0.90662,0.87565,0.89076,0.64158,1.02498,0.56671,1.169,0.000454544,0.000454544,0.000454544
100,19716.3,0.82624,0.43156,1.09689,0.90188,0.88902,0.88714,0.62934,1.11537,0.57836,1.20921,0.000453642,0.000453642,0.000453642
101,19912.9,0.82177,0.42752,1.10107,0.88641,0.88855,0.88933,0.64357,1.07663,0.59745,1.18774,0.000452732,0.000452732,0.000452732
102,20109.3,0.81297,0.42474,1.09339,0.89908,0.87897,0.87875,0.64091,1.01817,0.56593,1.20077,0.000451814,0.000451814,0.000451814
103,20305.9,0.79757,0.41701,1.08066,0.87968,0.89836,0.89771,0.65442,1.00885,0.53898,1.16508,0.000450888,0.000450888,0.000450888
104,20502.6,0.81125,0.42803,1.09405,0.89856,0.88611,0.8917,0.6257,1.14645,0.58804,1.22422,0.000449954,0.000449954,0.000449954
105,20699.3,0.81844,0.4313,1.09479,0.89828,0.88893,0.88187,0.62148,1.095,0.57304,1.19853,0.000449013,0.000449013,0.000449013
106,20895.9,0.80184,0.4233,1.08384,0.90648,0.89216,0.88427,0.63714,1.03778,0.56557,1.18128,0.000448063,0.000448063,0.000448063
107,21092.6,0.81254,0.4215,1.0958,0.89823,0.88303,0.88395,0.64763,1.04387,0.61231,1.19753,0.000447106,0.000447106,0.000447106
108,21289.3,0.82152,0.42972,1.10972,0.89439,0.92399,0.88759,0.64426,1.02006,0.54395,1.18102,0.000446142,0.000446142,0.000446142
109,21486,0.7922,0.40815,1.08461,0.90194,0.89328,0.88023,0.6319,1.03229,0.62158,1.19093,0.000445169,0.000445169,0.000445169
110,21682.8,0.80717,0.41969,1.08767,0.90038,0.89445,0.88553,0.64776,1.00353,0.58605,1.16545,0.00044419,0.00044419,0.00044419
111,21879.3,0.78729,0.40485,1.06862,0.90785,0.89463,0.89394,0.65826,1.01351,0.56586,1.16677,0.000443202,0.000443202,0.000443202
112,22077,0.80359,0.42288,1.08953,0.90563,0.88372,0.8911,0.66314,0.98314,0.57233,1.15317,0.000442207,0.000442207,0.000442207
113,22274.7,0.79579,0.41907,1.07442,0.91015,0.90805,0.88131,0.64668,1.0167,0.57886,1.16547,0.000441205,0.000441205,0.000441205
114,22471.5,0.7892,0.41729,1.07207,0.90905,0.89238,0.88434,0.64347,0.98399,0.57392,1.1551,0.000440195,0.000440195,0.000440195
115,22668.3,0.79756,0.41079,1.07369,0.91039,0.90488,0.88269,0.65405,1.03724,0.57414,1.15532,0.000439177,0.000439177,0.000439177
116,22865.1,0.81124,0.43076,1.08696,0.89983,0.89184,0.89094,0.64992,1.01115,0.55174,1.14588,0.000438152,0.000438152,0.000438152
117,23061.9,0.79824,0.40932,1.07828,0.89209,0.88336,0.87807,0.64946,0.98016,0.55426,1.16101,0.00043712,0.00043712,0.00043712
118,23258.6,0.78977,0.40739,1.07486,0.90393,0.88695,0.88305,0.64779,0.96747,0.55572,1.1312,0.000436081,0.000436081,0.000436081
119,23455.2,0.78463,0.40646,1.07373,0.91069,0.88187,0.88285,0.65139,0.96879,0.56596,1.15823,0.000435034,0.000435034,0.000435034
120,23651.8,0.77918,0.40753,1.07707,0.9043,0.87956,0.88963,0.64206,1.03915,0.55245,1.16513,0.000433981,0.000433981,0.000433981
121,23848.5,0.77082,0.40528,1.07109,0.88589,0.89985,0.89074,0.65601,0.99886,0.5529,1.17641,0.00043292,0.00043292,0.00043292
122,24044.8,0.76304,0.40243,1.07674,0.90274,0.90194,0.9,0.64949,1.03262,0.56563,1.18644,0.000431852,0.000431852,0.000431852
123,24241.2,0.77867,0.41054,1.07421,0.91236,0.87573,0.89022,0.65472,1.03432,0.58393,1.1761,0.000430776,0.000430776,0.000430776
124,24437.6,0.79283,0.41178,1.08257,0.90513,0.87215,0.88152,0.63592,1.08187,0.5913,1.20359,0.000429694,0.000429694,0.000429694
125,24634.3,0.76843,0.40093,1.06792,0.87724,0.8912,0.89259,0.65753,0.98214,0.54756,1.15885,0.000428605,0.000428605,0.000428605
126,24830.9,0.76763,0.40291,1.06376,0.89886,0.89071,0.8974,0.66649,1.01054,0.55956,1.17318,0.000427509,0.000427509,0.000427509
127,25028.2,0.74754,0.39605,1.05507,0.87819,0.90165,0.87705,0.64651,1.0076,0.5451,1.17612,0.000426406,0.000426406,0.000426406
128,25224.6,0.7656,0.39835,1.06693,0.88772,0.88167,0.88481,0.65138,0.99941,0.53996,1.18302,0.000425296,0.000425296,0.000425296
129,25421,0.76372,0.39431,1.061,0.88869,0.89245,0.87812,0.63507,1.08482,0.58314,1.22301,0.000424179,0.000424179,0.000424179
130,25617.4,0.75707,0.39407,1.06501,0.86352,0.898,0.8762,0.64434,1.01476,0.55947,1.17288,0.000423056,0.000423056,0.000423056
131,25813.9,0.77832,0.40688,1.073,0.85682,0.91235,0.88739,0.64693,1.02704,0.54313,1.19005,0.000421925,0.000421925,0.000421925
132,26010.3,0.77193,0.40031,1.06383,0.89987,0.89227,0.88636,0.63918,1.03089,0.55731,1.17407,0.000420788,0.000420788,0.000420788
133,26206.8,0.75491,0.39116,1.06423,0.91134,0.86906,0.89154,0.64868,1.01202,0.55526,1.16915,0.000419645,0.000419645,0.000419645
134,26403.3,0.75698,0.3905,1.06435,0.91374,0.88355,0.89573,0.65623,1.01698,0.52114,1.16935,0.000418495,0.000418495,0.000418495
135,26599.8,0.78455,0.4088,1.07923,0.90437,0.89279,0.89911,0.65391,1.01832,0.56565,1.16059,0.000417338,0.000417338,0.000417338
136,26796.6,0.74269,0.38416,1.05178,0.9018,0.89787,0.89558,0.64822,1.01028,0.56147,1.18428,0.000416175,0.000416175,0.000416175
137,26993.4,0.73795,0.38482,1.04886,0.89746,0.89047,0.89643,0.64865,1.03307,0.55109,1.18623,0.000415005,0.000415005,0.000415005
138,27190.1,0.72036,0.37997,1.03768,0.89147,0.88154,0.89251,0.64341,1.01306,0.57117,1.16719,0.000413829,0.000413829,0.000413829
139,27386.7,0.73016,0.38246,1.03787,0.88196,0.87709,0.87453,0.63735,0.98024,0.57801,1.13669,0.000412646,0.000412646,0.000412646
140,27583.5,0.75183,0.40291,1.06676,0.89961,0.86819,0.87514,0.63839,0.9938,0.58361,1.15631,0.000411458,0.000411458,0.000411458
141,27780.2,0.74756,0.38755,1.05084,0.89721,0.8916,0.88088,0.62862,1.04225,0.57657,1.18259,0.000410262,0.000410262,0.000410262
142,27976.9,0.7521,0.39132,1.05954,0.89751,0.8961,0.88163,0.6384,1.03997,0.55825,1.17843,0.000409061,0.000409061,0.000409061
143,28173.7,0.74952,0.38961,1.05652,0.89554,0.89798,0.88592,0.64395,0.99282,0.54824,1.14612,0.000407854,0.000407854,0.000407854
144,28370.3,0.73021,0.38199,1.04929,0.90339,0.89069,0.8861,0.63873,1.01552,0.55015,1.16191,0.00040664,0.00040664,0.00040664
145,28567.1,0.71331,0.37284,1.03516,0.90054,0.8872,0.88292,0.6362,1.01068,0.58919,1.18846,0.00040542,0.00040542,0.00040542
146,28763.8,0.73648,0.38818,1.04896,0.88063,0.91164,0.88453,0.64942,1.0221,0.54635,1.17012,0.000404194,0.000404194,0.000404194
147,28960.6,0.7289,0.38286,1.03923,0.9051,0.91032,0.87653,0.6403,1.0215,0.56718,1.16369,0.000402963,0.000402963,0.000402963
148,29157.3,0.72439,0.3819,1.0493,0.90433,0.89612,0.88923,0.64535,1.04576,0.57302,1.18939,0.000401725,0.000401725,0.000401725
149,29354.1,0.73137,0.38489,1.0457,0.91963,0.90136,0.89318,0.65667,0.98922,0.53385,1.14579,0.000400481,0.000400481,0.000400481
150,29550.7,0.72334,0.378,1.04304,0.89625,0.90219,0.89036,0.63815,1.06434,0.54682,1.17522,0.000399232,0.000399232,0.000399232
151,29747.5,0.74553,0.39516,1.05779,0.9111,0.89376,0.88821,0.63516,1.04545,0.55265,1.17396,0.000397977,0.000397977,0.000397977
152,29944.1,0.73599,0.37657,1.03544,0.91208,0.8916,0.88613,0.64828,1.00712,0.56533,1.16578,0.000396716,0.000396716,0.000396716
153,30140.9,0.71729,0.37387,1.03872,0.90551,0.8908,0.88715,0.66204,0.98518,0.57147,1.15984,0.000395449,0.000395449,0.000395449
154,30337.7,0.70704,0.37201,1.03735,0.89094,0.89614,0.88957,0.6544,0.99524,0.5583,1.17587,0.000394177,0.000394177,0.000394177
155,30534.4,0.72297,0.37967,1.0488,0.89369,0.90941,0.90012,0.65419,1.00244,0.53422,1.15344,0.000392899,0.000392899,0.000392899
156,30731.1,0.71756,0.37894,1.03934,0.89952,0.90435,0.89606,0.65725,1.00578,0.52781,1.15165,0.000391616,0.000391616,0.000391616
157,30927.9,0.70751,0.37481,1.03696,0.90565,0.89467,0.8844,0.65379,0.99606,0.55015,1.16251,0.000390327,0.000390327,0.000390327
158,31124.5,0.70901,0.37401,1.03088,0.90912,0.88732,0.8783,0.64669,1.02642,0.54114,1.16564,0.000389032,0.000389032,0.000389032
159,31321.3,0.72345,0.37877,1.04393,0.8833,0.90152,0.89349,0.65651,1.00956,0.53983,1.16529,0.000387733,0.000387733,0.000387733
160,31518.2,0.71374,0.37652,1.03462,0.87846,0.89164,0.88878,0.6555,0.98801,0.55314,1.12831,0.000386428,0.000386428,0.000386428
161,31715.1,0.70473,0.36639,1.0178,0.90446,0.89698,0.88956,0.64831,1.00621,0.54918,1.16397,0.000385117,0.000385117,0.000385117
162,31911.8,0.71576,0.37763,1.03033,0.90936,0.89011,0.9006,0.66155,1.01161,0.53983,1.16448,0.000383802,0.000383802,0.000383802
163,32108.5,0.71875,0.37735,1.04106,0.89025,0.8975,0.89298,0.65224,0.99245,0.54051,1.15861,0.000382481,0.000382481,0.000382481
164,32305.3,0.71465,0.37306,1.02963,0.9011,0.89813,0.89061,0.65361,0.97465,0.54431,1.13776,0.000381155,0.000381155,0.000381155
165,32501.9,0.70627,0.37047,1.03148,0.88616,0.90791,0.89319,0.65658,1.00772,0.5517,1.17503,0.000379824,0.000379824,0.000379824
166,32698.3,0.69937,0.36769,1.02897,0.90275,0.87643,0.8906,0.65132,0.99582,0.53581,1.16194,0.000378488,0.000378488,0.000378488
167,32895,0.70493,0.36897,1.02285,0.88471,0.90364,0.89633,0.65655,1.02709,0.54366,1.17544,0.000377147,0.000377147,0.000377147
168,33091.6,0.70923,0.36922,1.02591,0.9087,0.88061,0.88916,0.65743,0.98933,0.54224,1.19073,0.000375801,0.000375801,0.000375801
169,33288.2,0.69745,0.36191,1.02789,0.8808,0.89106,0.89476,0.65705,1.0197,0.55137,1.20837,0.00037445,0.00037445,0.00037445
170,33484.9,0.7018,0.36028,1.02023,0.90199,0.89511,0.88395,0.6458,1.00625,0.55072,1.18721,0.000373094,0.000373094,0.000373094
171,33681.3,0.68623,0.35782,1.01626,0.88621,0.8929,0.87367,0.64944,1.00981,0.58471,1.18975,0.000371734,0.000371734,0.000371734
172,33878,0.72236,0.3743,1.04757,0.87992,0.88868,0.88004,0.64712,1.01767,0.58708,1.17479,0.000370369,0.000370369,0.000370369
173,34074.6,0.68405,0.35559,1.01909,0.90281,0.88718,0.88086,0.65852,0.97401,0.57027,1.16719,0.000368999,0.000368999,0.000368999
174,34271.3,0.68799,0.35919,1.01872,0.88495,0.8943,0.88601,0.65939,0.99808,0.55538,1.16717,0.000367625,0.000367625,0.000367625
175,34467.9,0.68649,0.35949,1.02458,0.88706,0.88539,0.8809,0.64823,1.03032,0.57097,1.18183,0.000366246,0.000366246,0.000366246
176,34664.4,0.69834,0.3612,1.02674,0.88393,0.88951,0.88708,0.65726,1.00858,0.57861,1.16023,0.000364863,0.000364863,0.000364863
177,34861.1,0.69869,0.36187,1.02519,0.88744,0.91372,0.89592,0.66622,0.99537,0.54547,1.17571,0.000363475,0.000363475,0.000363475
178,35057.7,0.68262,0.36097,1.02446,0.89938,0.88372,0.89072,0.66022,1.00462,0.56184,1.17761,0.000362083,0.000362083,0.000362083
179,35254.3,0.67948,0.35879,1.01391,0.91171,0.89124,0.87932,0.65154,1.02961,0.57874,1.18675,0.000360686,0.000360686,0.000360686
180,35451,0.68495,0.35681,1.01598,0.89988,0.89077,0.88459,0.65731,1.01423,0.56196,1.1614,0.000359285,0.000359285,0.000359285
181,35647.6,0.68202,0.35845,1.00976,0.90846,0.88798,0.88133,0.65047,0.97129,0.57003,1.12586,0.00035788,0.00035788,0.00035788
182,35843.8,0.67159,0.35573,1.00815,0.91201,0.87814,0.88281,0.65002,0.98083,0.56157,1.14723,0.000356471,0.000356471,0.000356471
183,36040.5,0.68292,0.35886,1.01748,0.88685,0.88996,0.89099,0.65125,1.01007,0.56269,1.17216,0.000355058,0.000355058,0.000355058
184,36237.2,0.6854,0.35976,1.016,0.86322,0.89394,0.88189,0.64856,1.00113,0.56639,1.16205,0.000353641,0.000353641,0.000353641
185,36433.8,0.6632,0.34467,1.00127,0.90849,0.86784,0.88618,0.65956,0.98405,0.54745,1.16926,0.000352219,0.000352219,0.000352219
186,36630.4,0.68043,0.35621,1.02177,0.87368,0.91316,0.88678,0.65613,1.01513,0.52754,1.18915,0.000350794,0.000350794,0.000350794
187,36827,0.68175,0.36082,1.01822,0.89218,0.888,0.89354,0.6534,0.99002,0.54558,1.18309,0.000349365,0.000349365,0.000349365
188,37023.7,0.6644,0.35135,1.00965,0.866,0.89198,0.87878,0.65517,0.98706,0.55596,1.17931,0.000347932,0.000347932,0.000347932
189,37220.2,0.68119,0.35567,1.0151,0.87505,0.8892,0.87942,0.64782,0.98499,0.56436,1.1838,0.000346495,0.000346495,0.000346495
190,37416.8,0.6766,0.35009,1.01005,0.88209,0.88924,0.88524,0.66107,0.98394,0.56722,1.19418,0.000345055,0.000345055,0.000345055
191,37613.5,0.67274,0.34806,1.01034,0.89741,0.87421,0.87883,0.65686,0.99133,0.58826,1.19603,0.000343611,0.000343611,0.000343611
192,37810,0.66628,0.34911,1.00874,0.88727,0.89109,0.88133,0.65762,0.96681,0.55553,1.18118,0.000342163,0.000342163,0.000342163
193,38006.7,0.67418,0.35407,1.01738,0.88743,0.90608,0.88239,0.64092,0.98235,0.52021,1.18253,0.000340712,0.000340712,0.000340712
194,38203.3,0.66388,0.3462,1.00602,0.89053,0.89054,0.88211,0.64516,0.98485,0.5333,1.18688,0.000339257,0.000339257,0.000339257
195,38400,0.66788,0.35219,1.00803,0.8939,0.89597,0.8842,0.6554,0.97374,0.53818,1.17879,0.000337799,0.000337799,0.000337799
196,38596.7,0.664,0.34324,1.00123,0.88185,0.89356,0.88574,0.64579,0.96845,0.54414,1.15437,0.000336338,0.000336338,0.000336338
197,38793.3,0.6691,0.34744,1.00642,0.88897,0.89806,0.8807,0.6481,0.9622,0.53163,1.15625,0.000334873,0.000334873,0.000334873
198,38989.7,0.65938,0.3447,1.00442,0.89973,0.89028,0.88514,0.64823,0.972,0.52215,1.15816,0.000333405,0.000333405,0.000333405
199,39186.4,0.66139,0.34659,1.00556,0.89413,0.88925,0.88716,0.64615,1.00594,0.55604,1.17556,0.000331934,0.000331934,0.000331934
200,39383.2,0.66239,0.34685,1.00223,0.90393,0.89065,0.8965,0.65857,0.97265,0.53732,1.1592,0.000330459,0.000330459,0.000330459
201,39580,0.67321,0.35626,1.01359,0.88754,0.89188,0.8859,0.65147,0.97412,0.54415,1.15711,0.000328982,0.000328982,0.000328982
202,39776.7,0.66583,0.35437,1.01517,0.8971,0.89331,0.88398,0.65719,0.95939,0.54324,1.15015,0.000327501,0.000327501,0.000327501
203,39973.5,0.64788,0.34255,0.99796,0.89393,0.9005,0.88322,0.64955,0.96489,0.54215,1.14827,0.000326018,0.000326018,0.000326018
204,40170.4,0.65909,0.34226,1.0032,0.88622,0.89543,0.88788,0.66655,0.95638,0.54786,1.144,0.000324531,0.000324531,0.000324531
205,40368,0.65609,0.34575,1.00051,0.89884,0.89513,0.88781,0.66114,0.97168,0.54339,1.14842,0.000323042,0.000323042,0.000323042
206,40564.7,0.65388,0.34434,1.0041,0.90745,0.88929,0.88864,0.65422,0.99055,0.55619,1.18381,0.00032155,0.00032155,0.00032155
207,40761.4,0.65368,0.3415,1.00048,0.89275,0.90514,0.88787,0.65199,0.97592,0.54253,1.16972,0.000320056,0.000320056,0.000320056
208,40958.1,0.65833,0.34217,1.00384,0.88345,0.9102,0.88865,0.65719,0.98411,0.53237,1.17556,0.000318558,0.000318558,0.000318558
209,41154.9,0.64965,0.34206,1.00021,0.91185,0.88359,0.8832,0.6552,0.98693,0.54551,1.17988,0.000317058,0.000317058,0.000317058
210,41351.6,0.65331,0.34322,1.00087,0.9094,0.8835,0.89096,0.66248,0.97222,0.55459,1.16806,0.000315556,0.000315556,0.000315556
211,41548.3,0.66199,0.33976,1.00051,0.91124,0.883,0.90256,0.67776,0.97312,0.56074,1.17087,0.000314051,0.000314051,0.000314051
212,41745.6,0.69446,0.35109,1.01987,0.88694,0.89484,0.89982,0.66851,0.98776,0.57276,1.16911,0.000312543,0.000312543,0.000312543
213,41942.3,0.66406,0.33799,0.99749,0.89275,0.8994,0.89282,0.66907,0.99115,0.55476,1.16989,0.000311034,0.000311034,0.000311034
214,42138.9,0.64936,0.33675,0.99221,0.89214,0.90942,0.89543,0.66334,1.0138,0.5302,1.18715,0.000309521,0.000309521,0.000309521
215,42335.5,0.64203,0.33243,0.99223,0.91319,0.88684,0.89652,0.66586,0.98802,0.54421,1.17611,0.000308007,0.000308007,0.000308007
216,42532.2,0.62829,0.33054,0.98672,0.89353,0.89415,0.8942,0.66454,0.9896,0.55023,1.18392,0.00030649,0.00030649,0.00030649
217,42729,0.63657,0.33227,0.98422,0.91321,0.8829,0.89082,0.6627,0.99618,0.55518,1.19313,0.000304972,0.000304972,0.000304972
218,42925.8,0.64161,0.33815,0.99024,0.90132,0.8945,0.89433,0.65103,0.99568,0.56026,1.20017,0.000303451,0.000303451,0.000303451
219,43122.8,0.63772,0.33593,0.99075,0.91534,0.89565,0.88806,0.65681,0.9914,0.56639,1.1924,0.000301928,0.000301928,0.000301928
220,43319.9,0.63475,0.33505,0.99064,0.91555,0.89487,0.89147,0.66357,0.98513,0.55,1.1772,0.000300403,0.000300403,0.000300403
221,43517,0.64153,0.33835,0.99113,0.89936,0.88195,0.88854,0.65815,0.98173,0.54009,1.16584,0.000298877,0.000298877,0.000298877
222,43714.2,0.63852,0.33287,0.99099,0.89731,0.89285,0.89014,0.65384,0.98446,0.54604,1.15866,0.000297348,0.000297348,0.000297348
223,43911.1,0.62471,0.32621,0.9781,0.91255,0.87782,0.88561,0.66319,0.97403,0.52035,1.14915,0.000295818,0.000295818,0.000295818
224,44107.9,0.63311,0.33151,0.98872,0.91504,0.88715,0.88819,0.65962,0.98722,0.53306,1.18405,0.000294286,0.000294286,0.000294286
225,44304.9,0.62338,0.32554,0.9838,0.90962,0.88992,0.88805,0.66977,0.97775,0.56432,1.17266,0.000292753,0.000292753,0.000292753
226,44501.9,0.62724,0.32286,0.97943,0.90295,0.89357,0.88625,0.6595,0.9867,0.55864,1.17984,0.000291218,0.000291218,0.000291218
227,44698.9,0.63395,0.33184,0.99365,0.89363,0.87969,0.88619,0.66099,0.99415,0.57142,1.19084,0.000289681,0.000289681,0.000289681
228,44895.8,0.63544,0.33649,0.99773,0.87878,0.89488,0.88543,0.6544,1.00864,0.55781,1.21619,0.000288143,0.000288143,0.000288143
229,45092.5,0.61947,0.32077,0.97919,0.89278,0.88967,0.88754,0.65804,0.99147,0.54109,1.20104,0.000286603,0.000286603,0.000286603
230,45289.1,0.61859,0.3241,0.98714,0.91689,0.88336,0.89032,0.66184,1.00045,0.57039,1.20803,0.000285062,0.000285062,0.000285062
231,45485.9,0.62214,0.32835,0.98652,0.89336,0.89165,0.88917,0.66407,0.98842,0.5645,1.17772,0.00028352,0.00028352,0.00028352
232,45682.9,0.62413,0.32763,0.98506,0.87768,0.91435,0.89399,0.66841,0.97161,0.51864,1.15895,0.000281977,0.000281977,0.000281977
233,45880.3,0.61718,0.3243,0.98069,0.881,0.92112,0.8947,0.66733,0.97812,0.50003,1.16114,0.000280432,0.000280432,0.000280432
234,46077.7,0.62462,0.32985,0.988,0.89874,0.89056,0.88817,0.66213,0.96341,0.52955,1.17081,0.000278886,0.000278886,0.000278886
235,46275,0.62534,0.32389,0.97901,0.8983,0.89657,0.88954,0.65602,0.96975,0.52985,1.17287,0.00027734,0.00027734,0.00027734
236,46472.2,0.61626,0.32325,0.97971,0.90114,0.89841,0.89083,0.66041,0.96565,0.53152,1.17724,0.000275792,0.000275792,0.000275792
237,46669.3,0.60502,0.31957,0.9721,0.90016,0.89205,0.88795,0.66115,0.97777,0.54097,1.19123,0.000274243,0.000274243,0.000274243
238,46866.6,0.60912,0.31754,0.96531,0.90196,0.90002,0.89219,0.66341,0.97085,0.53655,1.18619,0.000272694,0.000272694,0.000272694
239,47064,0.60477,0.31784,0.96643,0.90243,0.88678,0.89297,0.66378,0.97082,0.52217,1.18711,0.000271143,0.000271143,0.000271143
240,47261.3,0.59686,0.31356,0.9704,0.88113,0.90879,0.89642,0.67029,0.96559,0.53226,1.17632,0.000269592,0.000269592,0.000269592
241,47458.8,0.5943,0.30959,0.96452,0.87547,0.91691,0.89468,0.66872,0.97073,0.54466,1.17321,0.000268041,0.000268041,0.000268041
242,47656.2,0.62086,0.32464,0.98233,0.90005,0.89337,0.89793,0.66652,0.98554,0.54414,1.16999,0.000266488,0.000266488,0.000266488
243,47853.3,0.60673,0.31867,0.97224,0.90249,0.89704,0.88943,0.6643,0.96511,0.53289,1.15427,0.000264935,0.000264935,0.000264935
244,48050.4,0.61905,0.32419,0.98191,0.90564,0.89654,0.88884,0.66399,0.97091,0.53941,1.16395,0.000263382,0.000263382,0.000263382
245,48247.2,0.61185,0.3189,0.97045,0.91375,0.88719,0.88765,0.66384,0.9717,0.55507,1.15016,0.000261828,0.000261828,0.000261828
246,48444.2,0.60606,0.31692,0.96993,0.91712,0.88727,0.8893,0.66434,0.96292,0.53914,1.15827,0.000260274,0.000260274,0.000260274
247,48641.6,0.61346,0.32629,0.98225,0.90685,0.89336,0.89056,0.66501,0.98336,0.55183,1.18342,0.00025872,0.00025872,0.00025872
248,48838.8,0.60097,0.31531,0.977,0.89468,0.90249,0.88968,0.65785,0.98437,0.54508,1.19076,0.000257165,0.000257165,0.000257165
249,49036,0.61477,0.3207,0.9771,0.90161,0.89196,0.88778,0.66269,0.98129,0.53631,1.19487,0.00025561,0.00025561,0.00025561
250,49233.3,0.59732,0.31984,0.97792,0.9114,0.89048,0.88342,0.66058,0.96674,0.53715,1.17799,0.000254055,0.000254055,0.000254055
251,49430.6,0.5948,0.31065,0.96633,0.91456,0.88334,0.88289,0.66006,0.97342,0.52308,1.17687,0.0002525,0.0002525,0.0002525
252,49627.8,0.60705,0.32026,0.97748,0.91678,0.88499,0.88284,0.65761,0.98044,0.52965,1.19736,0.000250945,0.000250945,0.000250945
253,49825.1,0.5842,0.30885,0.9607,0.91605,0.88841,0.88256,0.65901,0.98642,0.53249,1.19552,0.00024939,0.00024939,0.00024939
254,50022.4,0.60331,0.31679,0.97245,0.91689,0.89162,0.88843,0.66264,0.98723,0.52998,1.19636,0.000247835,0.000247835,0.000247835
255,50219.6,0.59877,0.31228,0.96769,0.90872,0.89272,0.88432,0.65963,0.97877,0.52218,1.19018,0.00024628,0.00024628,0.00024628
256,50417,0.59603,0.31418,0.97094,0.90479,0.88626,0.88316,0.66295,0.98052,0.53679,1.19275,0.000244726,0.000244726,0.000244726
257,50614.3,0.58664,0.31266,0.9671,0.90541,0.89656,0.89638,0.66942,0.98422,0.52762,1.19311,0.000243172,0.000243172,0.000243172
258,50811.8,0.58818,0.3125,0.96342,0.90738,0.88675,0.89309,0.66762,0.97059,0.52783,1.19251,0.000241618,0.000241618,0.000241618
259,51009.2,0.59907,0.31566,0.97033,0.91497,0.8928,0.89945,0.67363,0.96672,0.52931,1.18805,0.000240065,0.000240065,0.000240065
260,51206.5,0.59547,0.31271,0.97115,0.91154,0.89533,0.89618,0.67328,0.96476,0.52797,1.17244,0.000238512,0.000238512,0.000238512
261,51403.8,0.59512,0.31279,0.96913,0.89115,0.90809,0.90079,0.68001,0.98055,0.54856,1.18715,0.000236959,0.000236959,0.000236959
262,51601.3,0.59078,0.31362,0.95909,0.908,0.89572,0.89563,0.68379,0.9621,0.52558,1.17436,0.000235408,0.000235408,0.000235408
263,51799,0.58104,0.30707,0.96019,0.90572,0.89811,0.8919,0.67948,0.96083,0.5255,1.17873,0.000233857,0.000233857,0.000233857
264,51996.3,0.58192,0.30957,0.96652,0.908,0.88715,0.89541,0.67769,0.96715,0.53768,1.18314,0.000232306,0.000232306,0.000232306
265,52193.5,0.58528,0.30777,0.96955,0.88606,0.88597,0.89034,0.67192,0.97539,0.55269,1.19448,0.000230757,0.000230757,0.000230757
266,52390.8,0.58944,0.31055,0.96692,0.87641,0.89371,0.88907,0.67043,0.9692,0.56111,1.18896,0.000229208,0.000229208,0.000229208
267,52588.2,0.58852,0.31282,0.97239,0.91211,0.88192,0.89104,0.67101,0.96563,0.54103,1.18807,0.00022766,0.00022766,0.00022766
268,52785.6,0.57762,0.30313,0.9586,0.91356,0.8845,0.89147,0.66998,0.96153,0.5466,1.185,0.000226114,0.000226114,0.000226114
269,52982.9,0.56625,0.30139,0.9525,0.91447,0.88255,0.88861,0.66918,0.96752,0.54805,1.18585,0.000224568,0.000224568,0.000224568
270,53180.7,0.58709,0.31533,0.9726,0.9153,0.87679,0.89346,0.66144,0.97336,0.52949,1.19129,0.000223023,0.000223023,0.000223023
271,53378.6,0.5723,0.30002,0.95819,0.91151,0.88595,0.89555,0.66837,0.97719,0.5248,1.19433,0.00022148,0.00022148,0.00022148
272,53576.4,0.58645,0.3076,0.96257,0.88864,0.9108,0.8955,0.66894,0.97343,0.53394,1.18471,0.000219938,0.000219938,0.000219938
273,53774.3,0.57159,0.30086,0.95429,0.91701,0.89119,0.89393,0.67358,0.96969,0.51974,1.17773,0.000218397,0.000218397,0.000218397
274,53972.3,0.57234,0.30393,0.95734,0.90264,0.8986,0.88984,0.66842,0.97803,0.52636,1.18229,0.000216857,0.000216857,0.000216857
275,54169.7,0.55958,0.29815,0.95397,0.91326,0.88658,0.88654,0.66206,0.97399,0.53132,1.18339,0.000215319,0.000215319,0.000215319
276,54367.2,0.57656,0.30086,0.95452,0.88328,0.90222,0.89203,0.66368,0.96897,0.52373,1.17855,0.000213782,0.000213782,0.000213782
277,54564.6,0.56533,0.30155,0.95352,0.90516,0.89087,0.89551,0.6753,0.96321,0.51624,1.17614,0.000212247,0.000212247,0.000212247
278,54761.9,0.56792,0.29933,0.95439,0.90163,0.89527,0.8857,0.66194,0.96439,0.51293,1.17253,0.000210714,0.000210714,0.000210714
279,54958.8,0.56825,0.29947,0.95305,0.89447,0.89791,0.88527,0.66192,0.96112,0.52268,1.1712,0.000209182,0.000209182,0.000209182
280,55156.2,0.57259,0.30805,0.96163,0.90341,0.89861,0.88868,0.66726,0.95569,0.52367,1.1758,0.000207652,0.000207652,0.000207652
281,55353.6,0.56792,0.30138,0.95103,0.89629,0.90328,0.88652,0.66465,0.95543,0.52861,1.17638,0.000206123,0.000206123,0.000206123
282,55551.1,0.57721,0.30599,0.95702,0.90113,0.90048,0.88174,0.66194,0.96424,0.51376,1.17992,0.000204597,0.000204597,0.000204597
283,55748.4,0.56968,0.30335,0.95269,0.89058,0.89788,0.87746,0.65873,0.96569,0.51723,1.18146,0.000203072,0.000203072,0.000203072
284,55945.8,0.56053,0.29912,0.95036,0.90262,0.89549,0.8774,0.66275,0.96568,0.52524,1.18766,0.000201549,0.000201549,0.000201549
285,56143,0.56295,0.29775,0.95198,0.8933,0.8975,0.88077,0.65973,0.97039,0.5339,1.19545,0.000200028,0.000200028,0.000200028
286,56340.4,0.57068,0.30004,0.95593,0.9051,0.88945,0.88104,0.66451,0.97099,0.54145,1.18849,0.00019851,0.00019851,0.00019851
287,56537.9,0.56656,0.29577,0.95041,0.91287,0.87651,0.88308,0.66769,0.96275,0.52546,1.18178,0.000196993,0.000196993,0.000196993
288,56735.3,0.55221,0.29048,0.94639,0.9144,0.87604,0.88564,0.66326,0.96335,0.52241,1.1829,0.000195479,0.000195479,0.000195479
289,56932.9,0.56298,0.29808,0.95087,0.91447,0.88075,0.88729,0.66936,0.9699,0.53373,1.18921,0.000193966,0.000193966,0.000193966
290,57130.4,0.55311,0.29083,0.93955,0.91327,0.87816,0.88893,0.66495,0.97018,0.54522,1.19254,0.000192457,0.000192457,0.000192457
291,57327.9,0.55811,0.29661,0.95016,0.91271,0.88313,0.88898,0.66515,0.97829,0.54655,1.19298,0.000190949,0.000190949,0.000190949
292,57525.4,0.56024,0.29599,0.9424,0.91429,0.87797,0.88687,0.66817,0.97318,0.54747,1.18623,0.000189444,0.000189444,0.000189444
293,57722.9,0.5716,0.30242,0.95388,0.91486,0.88144,0.88579,0.66801,0.97345,0.54568,1.1778,0.000187942,0.000187942,0.000187942
294,57920.9,0.56077,0.29299,0.94328,0.90698,0.88964,0.88208,0.66379,0.97561,0.54994,1.18256,0.000186442,0.000186442,0.000186442
295,58118,0.54847,0.28909,0.93742,0.91067,0.88686,0.88406,0.66324,0.96853,0.54164,1.18259,0.000184944,0.000184944,0.000184944
296,58315,0.54554,0.28827,0.93539,0.9102,0.88564,0.88691,0.6603,0.96845,0.53776,1.18394,0.00018345,0.00018345,0.00018345
297,58513.1,0.55554,0.29387,0.94443,0.88685,0.89218,0.88051,0.65906,0.97473,0.53668,1.18591,0.000181958,0.000181958,0.000181958
298,58711.2,0.55872,0.29618,0.95353,0.90834,0.88146,0.88064,0.66082,0.98112,0.53671,1.19184,0.000180469,0.000180469,0.000180469
299,58909.1,0.53975,0.28308,0.93354,0.90497,0.89064,0.88293,0.66853,0.9742,0.53942,1.19607,0.000178982,0.000178982,0.000178982
300,59106.2,0.54698,0.28791,0.93864,0.90502,0.8938,0.88786,0.67063,0.97588,0.53492,1.20166,0.000177499,0.000177499,0.000177499
301,59303.7,0.55293,0.29357,0.94708,0.90404,0.89029,0.88952,0.67066,0.97234,0.54111,1.1982,0.000176018,0.000176018,0.000176018
302,59501.3,0.55038,0.29546,0.94623,0.89706,0.893,0.88402,0.66713,0.9708,0.55067,1.19438,0.000174541,0.000174541,0.000174541
303,59699.3,0.54614,0.29211,0.94145,0.89836,0.89495,0.88282,0.66562,0.96914,0.55526,1.19697,0.000173066,0.000173066,0.000173066
304,59897.2,0.54662,0.29041,0.94545,0.90085,0.89237,0.8827,0.666,0.96755,0.55513,1.19065,0.000171595,0.000171595,0.000171595
305,60095.3,0.54351,0.28966,0.93762,0.90534,0.89204,0.88292,0.6669,0.96344,0.53704,1.17755,0.000170127,0.000170127,0.000170127
306,60292.8,0.54161,0.28829,0.94004,0.91189,0.88567,0.88028,0.65815,0.96214,0.5346,1.17343,0.000168662,0.000168662,0.000168662
307,60490.9,0.53136,0.28182,0.93317,0.90829,0.88856,0.88458,0.66739,0.97071,0.54005,1.17984,0.000167201,0.000167201,0.000167201
308,60688.5,0.53495,0.28058,0.93632,0.91155,0.88673,0.88373,0.66572,0.98017,0.54198,1.19346,0.000165743,0.000165743,0.000165743
309,60886.2,0.5437,0.28894,0.9464,0.90956,0.89,0.88698,0.67626,0.97661,0.54985,1.19067,0.000164288,0.000164288,0.000164288
310,61084.2,0.53851,0.2869,0.93718,0.90488,0.88877,0.88622,0.67243,0.9721,0.54394,1.18017,0.000162837,0.000162837,0.000162837
311,61281.3,0.53216,0.28154,0.93471,0.90676,0.88143,0.8851,0.67663,0.97444,0.54596,1.18299,0.000161389,0.000161389,0.000161389
312,61478.5,0.53465,0.28493,0.94009,0.88958,0.90021,0.88494,0.67201,0.97891,0.54739,1.18724,0.000159945,0.000159945,0.000159945
313,61676.5,0.54062,0.28901,0.94336,0.89297,0.89962,0.88596,0.67457,0.97934,0.54828,1.19408,0.000158505,0.000158505,0.000158505
314,61874.5,0.54257,0.28851,0.94217,0.90522,0.89876,0.89101,0.67739,0.97113,0.52928,1.19103,0.000157068,0.000157068,0.000157068
315,62071.6,0.54952,0.28626,0.9438,0.89744,0.89798,0.8903,0.67381,0.97042,0.53634,1.1876,0.000155635,0.000155635,0.000155635
316,62269.6,0.52373,0.27802,0.92872,0.89604,0.89727,0.88798,0.66736,0.97888,0.54342,1.19055,0.000154206,0.000154206,0.000154206
317,62467.4,0.52954,0.27892,0.92851,0.89039,0.89872,0.88575,0.66394,0.98396,0.55399,1.18872,0.000152781,0.000152781,0.000152781
318,62665.3,0.5375,0.28412,0.93754,0.88931,0.90248,0.88405,0.66494,0.98801,0.55493,1.19498,0.000151359,0.000151359,0.000151359
319,62862.7,0.52061,0.27714,0.93216,0.8897,0.90293,0.88685,0.67236,0.9837,0.54797,1.19369,0.000149942,0.000149942,0.000149942
320,63060.6,0.52887,0.28012,0.93361,0.89528,0.89935,0.89441,0.68263,0.97731,0.52986,1.19018,0.000148529,0.000148529,0.000148529
321,63258.5,0.52581,0.28075,0.92962,0.8969,0.8962,0.89441,0.68359,0.97348,0.52886,1.19298,0.00014712,0.00014712,0.00014712
322,63455.9,0.53732,0.28516,0.94284,0.89322,0.89238,0.89599,0.68129,0.97357,0.52926,1.19859,0.000145715,0.000145715,0.000145715
323,63653.8,0.52761,0.28111,0.9361,0.90444,0.88376,0.89317,0.67278,0.97423,0.54196,1.2018,0.000144314,0.000144314,0.000144314
324,63851.2,0.52134,0.28015,0.93323,0.90543,0.88803,0.8919,0.67397,0.9752,0.54118,1.21108,0.000142917,0.000142917,0.000142917
325,64048.7,0.52593,0.28278,0.93479,0.9067,0.88796,0.89011,0.68097,0.97566,0.54429,1.21512,0.000141525,0.000141525,0.000141525
326,64246.6,0.5231,0.27991,0.93345,0.90641,0.89239,0.89509,0.68175,0.9687,0.53893,1.21145,0.000140137,0.000140137,0.000140137
327,64444.7,0.52664,0.28067,0.92949,0.91521,0.88786,0.89513,0.67895,0.96375,0.52859,1.20585,0.000138754,0.000138754,0.000138754
328,64642.5,0.51702,0.2747,0.92057,0.91368,0.88758,0.89446,0.6832,0.96025,0.52295,1.20053,0.000137375,0.000137375,0.000137375
329,64840.2,0.51453,0.27611,0.92757,0.90576,0.8887,0.89491,0.68061,0.96036,0.52355,1.19664,0.000136001,0.000136001,0.000136001
330,65038.5,0.52515,0.28096,0.9293,0.90325,0.88773,0.8941,0.67904,0.96444,0.53077,1.19862,0.000134631,0.000134631,0.000134631
331,65235.6,0.51618,0.27574,0.93151,0.90896,0.88051,0.89022,0.67615,0.96815,0.53145,1.19735,0.000133266,0.000133266,0.000133266
332,65432.9,0.5135,0.27577,0.92114,0.90469,0.88529,0.88749,0.67297,0.97316,0.52472,1.20019,0.000131906,0.000131906,0.000131906
333,65631,0.51716,0.27432,0.93201,0.90599,0.88606,0.88378,0.67262,0.97218,0.53493,1.1998,0.00013055,0.00013055,0.00013055
334,65829.3,0.51473,0.27559,0.92765,0.91071,0.88642,0.88447,0.67469,0.97147,0.54782,1.20317,0.000129199,0.000129199,0.000129199
335,66027.5,0.51781,0.27645,0.92849,0.90874,0.89324,0.88593,0.67552,0.967,0.54363,1.20315,0.000127853,0.000127853,0.000127853
336,66225.5,0.49992,0.26897,0.91819,0.90898,0.89859,0.88668,0.67498,0.96504,0.53931,1.19921,0.000126512,0.000126512,0.000126512
337,66423.8,0.51116,0.2714,0.92068,0.90976,0.90029,0.88258,0.67113,0.96497,0.53301,1.19509,0.000125176,0.000125176,0.000125176
338,66622.1,0.50898,0.27026,0.92313,0.90635,0.89875,0.88412,0.67039,0.96261,0.5359,1.19262,0.000123845,0.000123845,0.000123845
339,66820.1,0.51527,0.2744,0.93043,0.90237,0.89262,0.88355,0.66778,0.96861,0.53245,1.20118,0.000122519,0.000122519,0.000122519
340,67017.6,0.51666,0.2789,0.93099,0.89865,0.89376,0.8919,0.67333,0.96939,0.53216,1.2063,0.000121198,0.000121198,0.000121198
341,67215.2,0.5058,0.27295,0.92058,0.89486,0.89434,0.89273,0.67356,0.97141,0.52827,1.21099,0.000119883,0.000119883,0.000119883
342,67412.5,0.50776,0.27102,0.92179,0.89429,0.8987,0.89128,0.6699,0.97302,0.52184,1.21325,0.000118572,0.000118572,0.000118572
